{
  "l2_distance_median": 0.159872763,
  "reward_median": -0.1963107772,
  "scaled_action_norm_median": 0.1277500186
}