{
  "l2_distance_median": 0.1760858944,
  "reward_median": -0.2083396539,
  "scaled_action_norm_median": 0.1249955107
}