{
  "l2_distance_median": 0.1295084962,
  "reward_median": -0.1595358588,
  "scaled_action_norm_median": 0.1216055373
}