{
  "l2_distance_median": 0.1266741865,
  "reward_median": -0.1669724621,
  "scaled_action_norm_median": 0.1509202522
}