{
  "l2_distance_median": 1.0004638189,
  "reward_median": -1.0185655951,
  "scaled_action_norm_median": 0.1217538091
}